,value,StateSuburbCode,IndexType,Measure,Time,StateSuburbCodeLong,IndexTypeLong,MeasureLong,TimeLong
0,955.0,10397,IEO,SCORE,2016,Blacktown,Index of Education and Occupation,Score,2016
1,0.0,10397,IEO,SCORE,2016,Blacktown,Index of Education and Occupation,Score,2016
2,,10397,IEO,SCORE,2016,Blacktown,Index of Education and Occupation,Score,2016
3,1077.0,10407,IEO,SCORE,2016,Blaxland (NSW),Index of Education and Occupation,Score,2016
4,0.0,10407,IEO,SCORE,2016,Blaxland (NSW),Index of Education and Occupation,Score,2016
5,,10407,IEO,SCORE,2016,Blaxland (NSW),Index of Education and Occupation,Score,2016
6,1120.0,11656,IEO,SCORE,2016,Glenbrook,Index of Education and Occupation,Score,2016
7,0.0,11656,IEO,SCORE,2016,Glenbrook,Index of Education and Occupation,Score,2016
8,,11656,IEO,SCORE,2016,Glenbrook,Index of Education and Occupation,Score,2016
9,4443.0,10397,IEO,RWAR,2016,Blacktown,Index of Education and Occupation,Rank within Australia,2016
10,0.0,10397,IEO,RWAR,2016,Blacktown,Index of Education and Occupation,Rank within Australia,2016
11,,10397,IEO,RWAR,2016,Blacktown,Index of Education and Occupation,Rank within Australia,2016
12,12046.0,10407,IEO,RWAR,2016,Blaxland (NSW),Index of Education and Occupation,Rank within Australia,2016
13,0.0,10407,IEO,RWAR,2016,Blaxland (NSW),Index of Education and Occupation,Rank within Australia,2016
14,,10407,IEO,RWAR,2016,Blaxland (NSW),Index of Education and Occupation,Rank within Australia,2016
15,13097.0,11656,IEO,RWAR,2016,Glenbrook,Index of Education and Occupation,Rank within Australia,2016
16,0.0,11656,IEO,RWAR,2016,Glenbrook,Index of Education and Occupation,Rank within Australia,2016
17,,11656,IEO,RWAR,2016,Glenbrook,Index of Education and Occupation,Rank within Australia,2016
18,4.0,10397,IEO,RWAD,2016,Blacktown,Index of Education and Occupation,Rank within Australia - Decile,2016
19,0.0,10397,IEO,RWAD,2016,Blacktown,Index of Education and Occupation,Rank within Australia - Decile,2016
20,,10397,IEO,RWAD,2016,Blacktown,Index of Education and Occupation,Rank within Australia - Decile,2016
21,9.0,10407,IEO,RWAD,2016,Blaxland (NSW),Index of Education and Occupation,Rank within Australia - Decile,2016
22,0.0,10407,IEO,RWAD,2016,Blaxland (NSW),Index of Education and Occupation,Rank within Australia - Decile,2016
23,,10407,IEO,RWAD,2016,Blaxland (NSW),Index of Education and Occupation,Rank within Australia - Decile,2016
24,10.0,11656,IEO,RWAD,2016,Glenbrook,Index of Education and Occupation,Rank within Australia - Decile,2016
25,0.0,11656,IEO,RWAD,2016,Glenbrook,Index of Education and Occupation,Rank within Australia - Decile,2016
26,,11656,IEO,RWAD,2016,Glenbrook,Index of Education and Occupation,Rank within Australia - Decile,2016
27,33.0,10397,IEO,RWAP,2016,Blacktown,Index of Education and Occupation,Rank within Australia - Percentile,2016
28,0.0,10397,IEO,RWAP,2016,Blacktown,Index of Education and Occupation,Rank within Australia - Percentile,2016
29,,10397,IEO,RWAP,2016,Blacktown,Index of Education and Occupation,Rank within Australia - Percentile,2016
30,88.0,10407,IEO,RWAP,2016,Blaxland (NSW),Index of Education and Occupation,Rank within Australia - Percentile,2016
31,0.0,10407,IEO,RWAP,2016,Blaxland (NSW),Index of Education and Occupation,Rank within Australia - Percentile,2016
32,,10407,IEO,RWAP,2016,Blaxland (NSW),Index of Education and Occupation,Rank within Australia - Percentile,2016
33,96.0,11656,IEO,RWAP,2016,Glenbrook,Index of Education and Occupation,Rank within Australia - Percentile,2016
34,0.0,11656,IEO,RWAP,2016,Glenbrook,Index of Education and Occupation,Rank within Australia - Percentile,2016
35,,11656,IEO,RWAP,2016,Glenbrook,Index of Education and Occupation,Rank within Australia - Percentile,2016
36,1205.0,10397,IEO,RWSR,2016,Blacktown,Index of Education and Occupation,Rank within State or Territory,2016
37,0.0,10397,IEO,RWSR,2016,Blacktown,Index of Education and Occupation,Rank within State or Territory,2016
38,,10397,IEO,RWSR,2016,Blacktown,Index of Education and Occupation,Rank within State or Territory,2016
39,3471.0,10407,IEO,RWSR,2016,Blaxland (NSW),Index of Education and Occupation,Rank within State or Territory,2016
40,0.0,10407,IEO,RWSR,2016,Blaxland (NSW),Index of Education and Occupation,Rank within State or Territory,2016
41,,10407,IEO,RWSR,2016,Blaxland (NSW),Index of Education and Occupation,Rank within State or Territory,2016
42,3879.0,11656,IEO,RWSR,2016,Glenbrook,Index of Education and Occupation,Rank within State or Territory,2016
43,0.0,11656,IEO,RWSR,2016,Glenbrook,Index of Education and Occupation,Rank within State or Territory,2016
44,,11656,IEO,RWSR,2016,Glenbrook,Index of Education and Occupation,Rank within State or Territory,2016
45,3.0,10397,IEO,RWSD,2016,Blacktown,Index of Education and Occupation,Rank within State or Territory - Decile,2016
46,0.0,10397,IEO,RWSD,2016,Blacktown,Index of Education and Occupation,Rank within State or Territory - Decile,2016
47,,10397,IEO,RWSD,2016,Blacktown,Index of Education and Occupation,Rank within State or Territory - Decile,2016
48,9.0,10407,IEO,RWSD,2016,Blaxland (NSW),Index of Education and Occupation,Rank within State or Territory - Decile,2016
49,0.0,10407,IEO,RWSD,2016,Blaxland (NSW),Index of Education and Occupation,Rank within State or Territory - Decile,2016
50,,10407,IEO,RWSD,2016,Blaxland (NSW),Index of Education and Occupation,Rank within State or Territory - Decile,2016
51,10.0,11656,IEO,RWSD,2016,Glenbrook,Index of Education and Occupation,Rank within State or Territory - Decile,2016
52,0.0,11656,IEO,RWSD,2016,Glenbrook,Index of Education and Occupation,Rank within State or Territory - Decile,2016
53,,11656,IEO,RWSD,2016,Glenbrook,Index of Education and Occupation,Rank within State or Territory - Decile,2016
54,30.0,10397,IEO,RWSP,2016,Blacktown,Index of Education and Occupation,Rank within State or Territory - Percentile,2016
55,0.0,10397,IEO,RWSP,2016,Blacktown,Index of Education and Occupation,Rank within State or Territory - Percentile,2016
56,,10397,IEO,RWSP,2016,Blacktown,Index of Education and Occupation,Rank within State or Territory - Percentile,2016
57,85.0,10407,IEO,RWSP,2016,Blaxland (NSW),Index of Education and Occupation,Rank within State or Territory - Percentile,2016
58,0.0,10407,IEO,RWSP,2016,Blaxland (NSW),Index of Education and Occupation,Rank within State or Territory - Percentile,2016
59,,10407,IEO,RWSP,2016,Blaxland (NSW),Index of Education and Occupation,Rank within State or Territory - Percentile,2016
60,95.0,11656,IEO,RWSP,2016,Glenbrook,Index of Education and Occupation,Rank within State or Territory - Percentile,2016
61,0.0,11656,IEO,RWSP,2016,Glenbrook,Index of Education and Occupation,Rank within State or Territory - Percentile,2016
62,,11656,IEO,RWSP,2016,Glenbrook,Index of Education and Occupation,Rank within State or Territory - Percentile,2016
63,741.0,10397,IEO,MINS,2016,Blacktown,Index of Education and Occupation,Minimum score for SA1s in area,2016
64,0.0,10397,IEO,MINS,2016,Blacktown,Index of Education and Occupation,Minimum score for SA1s in area,2016
65,,10397,IEO,MINS,2016,Blacktown,Index of Education and Occupation,Minimum score for SA1s in area,2016
66,1010.0,10407,IEO,MINS,2016,Blaxland (NSW),Index of Education and Occupation,Minimum score for SA1s in area,2016
67,0.0,10407,IEO,MINS,2016,Blaxland (NSW),Index of Education and Occupation,Minimum score for SA1s in area,2016
68,,10407,IEO,MINS,2016,Blaxland (NSW),Index of Education and Occupation,Minimum score for SA1s in area,2016
69,1088.0,11656,IEO,MINS,2016,Glenbrook,Index of Education and Occupation,Minimum score for SA1s in area,2016
70,0.0,11656,IEO,MINS,2016,Glenbrook,Index of Education and Occupation,Minimum score for SA1s in area,2016
71,,11656,IEO,MINS,2016,Glenbrook,Index of Education and Occupation,Minimum score for SA1s in area,2016
72,1129.0,10397,IEO,MAXS,2016,Blacktown,Index of Education and Occupation,Maximum score for SA1s in area,2016
73,0.0,10397,IEO,MAXS,2016,Blacktown,Index of Education and Occupation,Maximum score for SA1s in area,2016
74,,10397,IEO,MAXS,2016,Blacktown,Index of Education and Occupation,Maximum score for SA1s in area,2016
75,1127.0,10407,IEO,MAXS,2016,Blaxland (NSW),Index of Education and Occupation,Maximum score for SA1s in area,2016
76,0.0,10407,IEO,MAXS,2016,Blaxland (NSW),Index of Education and Occupation,Maximum score for SA1s in area,2016
77,,10407,IEO,MAXS,2016,Blaxland (NSW),Index of Education and Occupation,Maximum score for SA1s in area,2016
78,1158.0,11656,IEO,MAXS,2016,Glenbrook,Index of Education and Occupation,Maximum score for SA1s in area,2016
79,0.0,11656,IEO,MAXS,2016,Glenbrook,Index of Education and Occupation,Maximum score for SA1s in area,2016
80,,11656,IEO,MAXS,2016,Glenbrook,Index of Education and Occupation,Maximum score for SA1s in area,2016
81,47176.0,10397,IEO,URP,2016,Blacktown,Index of Education and Occupation,Usual resident population,2016
82,0.0,10397,IEO,URP,2016,Blacktown,Index of Education and Occupation,Usual resident population,2016
83,,10397,IEO,URP,2016,Blacktown,Index of Education and Occupation,Usual resident population,2016
84,7451.0,10407,IEO,URP,2016,Blaxland (NSW),Index of Education and Occupation,Usual resident population,2016
85,0.0,10407,IEO,URP,2016,Blaxland (NSW),Index of Education and Occupation,Usual resident population,2016
86,,10407,IEO,URP,2016,Blaxland (NSW),Index of Education and Occupation,Usual resident population,2016
87,5051.0,11656,IEO,URP,2016,Glenbrook,Index of Education and Occupation,Usual resident population,2016
88,0.0,11656,IEO,URP,2016,Glenbrook,Index of Education and Occupation,Usual resident population,2016
89,,11656,IEO,URP,2016,Glenbrook,Index of Education and Occupation,Usual resident population,2016
90,694.0,10397,IER,MINS,2016,Blacktown,Index of Economic Resources,Minimum score for SA1s in area,2016
91,0.0,10397,IER,MINS,2016,Blacktown,Index of Economic Resources,Minimum score for SA1s in area,2016
92,,10397,IER,MINS,2016,Blacktown,Index of Economic Resources,Minimum score for SA1s in area,2016
93,5051.0,11656,IER,URP,2016,Glenbrook,Index of Economic Resources,Usual resident population,2016
94,0.0,11656,IER,URP,2016,Glenbrook,Index of Economic Resources,Usual resident population,2016
95,,11656,IER,URP,2016,Glenbrook,Index of Economic Resources,Usual resident population,2016
96,10.0,11656,IER,RWAD,2016,Glenbrook,Index of Economic Resources,Rank within Australia - Decile,2016
97,0.0,11656,IER,RWAD,2016,Glenbrook,Index of Economic Resources,Rank within Australia - Decile,2016
98,,11656,IER,RWAD,2016,Glenbrook,Index of Economic Resources,Rank within Australia - Decile,2016
99,92.0,11656,IER,RWAP,2016,Glenbrook,Index of Economic Resources,Rank within Australia - Percentile,2016
100,0.0,11656,IER,RWAP,2016,Glenbrook,Index of Economic Resources,Rank within Australia - Percentile,2016
101,,11656,IER,RWAP,2016,Glenbrook,Index of Economic Resources,Rank within Australia - Percentile,2016
102,952.0,10407,IER,MINS,2016,Blaxland (NSW),Index of Economic Resources,Minimum score for SA1s in area,2016
103,0.0,10407,IER,MINS,2016,Blaxland (NSW),Index of Economic Resources,Minimum score for SA1s in area,2016
104,,10407,IER,MINS,2016,Blaxland (NSW),Index of Economic Resources,Minimum score for SA1s in area,2016
105,961.0,10397,IER,SCORE,2016,Blacktown,Index of Economic Resources,Score,2016
106,0.0,10397,IER,SCORE,2016,Blacktown,Index of Economic Resources,Score,2016
107,,10397,IER,SCORE,2016,Blacktown,Index of Economic Resources,Score,2016
108,1102.0,11656,IER,SCORE,2016,Glenbrook,Index of Economic Resources,Score,2016
109,0.0,11656,IER,SCORE,2016,Glenbrook,Index of Economic Resources,Score,2016
110,,11656,IER,SCORE,2016,Glenbrook,Index of Economic Resources,Score,2016
111,1068.0,10407,IER,SCORE,2016,Blaxland (NSW),Index of Economic Resources,Score,2016
112,0.0,10407,IER,SCORE,2016,Blaxland (NSW),Index of Economic Resources,Score,2016
113,,10407,IER,SCORE,2016,Blaxland (NSW),Index of Economic Resources,Score,2016
114,9.0,11656,IER,RWSD,2016,Glenbrook,Index of Economic Resources,Rank within State or Territory - Decile,2016
115,0.0,11656,IER,RWSD,2016,Glenbrook,Index of Economic Resources,Rank within State or Territory - Decile,2016
116,,11656,IER,RWSD,2016,Glenbrook,Index of Economic Resources,Rank within State or Territory - Decile,2016
117,1163.0,11656,IER,MAXS,2016,Glenbrook,Index of Economic Resources,Maximum score for SA1s in area,2016
118,0.0,11656,IER,MAXS,2016,Glenbrook,Index of Economic Resources,Maximum score for SA1s in area,2016
119,,11656,IER,MAXS,2016,Glenbrook,Index of Economic Resources,Maximum score for SA1s in area,2016
120,71.0,10407,IER,RWSP,2016,Blaxland (NSW),Index of Economic Resources,Rank within State or Territory - Percentile,2016
121,0.0,10407,IER,RWSP,2016,Blaxland (NSW),Index of Economic Resources,Rank within State or Territory - Percentile,2016
122,,10407,IER,RWSP,2016,Blaxland (NSW),Index of Economic Resources,Rank within State or Territory - Percentile,2016
123,18.0,10397,IER,RWAP,2016,Blacktown,Index of Economic Resources,Rank within Australia - Percentile,2016
124,0.0,10397,IER,RWAP,2016,Blacktown,Index of Economic Resources,Rank within Australia - Percentile,2016
125,,10397,IER,RWAP,2016,Blacktown,Index of Economic Resources,Rank within Australia - Percentile,2016
126,12513.0,11656,IER,RWAR,2016,Glenbrook,Index of Economic Resources,Rank within Australia,2016
127,0.0,11656,IER,RWAR,2016,Glenbrook,Index of Economic Resources,Rank within Australia,2016
128,,11656,IER,RWAR,2016,Glenbrook,Index of Economic Resources,Rank within Australia,2016
129,2.0,10397,IER,RWSD,2016,Blacktown,Index of Economic Resources,Rank within State or Territory - Decile,2016
130,0.0,10397,IER,RWSD,2016,Blacktown,Index of Economic Resources,Rank within State or Territory - Decile,2016
131,,10397,IER,RWSD,2016,Blacktown,Index of Economic Resources,Rank within State or Territory - Decile,2016
132,76.0,10407,IER,RWAP,2016,Blaxland (NSW),Index of Economic Resources,Rank within Australia - Percentile,2016
133,0.0,10407,IER,RWAP,2016,Blaxland (NSW),Index of Economic Resources,Rank within Australia - Percentile,2016
134,,10407,IER,RWAP,2016,Blaxland (NSW),Index of Economic Resources,Rank within Australia - Percentile,2016
135,672.0,10397,IER,RWSR,2016,Blacktown,Index of Economic Resources,Rank within State or Territory,2016
136,0.0,10397,IER,RWSR,2016,Blacktown,Index of Economic Resources,Rank within State or Territory,2016
137,,10397,IER,RWSR,2016,Blacktown,Index of Economic Resources,Rank within State or Territory,2016
138,8.0,10407,IER,RWSD,2016,Blaxland (NSW),Index of Economic Resources,Rank within State or Territory - Decile,2016
139,0.0,10407,IER,RWSD,2016,Blaxland (NSW),Index of Economic Resources,Rank within State or Territory - Decile,2016
140,,10407,IER,RWSD,2016,Blaxland (NSW),Index of Economic Resources,Rank within State or Territory - Decile,2016
141,17.0,10397,IER,RWSP,2016,Blacktown,Index of Economic Resources,Rank within State or Territory - Percentile,2016
142,0.0,10397,IER,RWSP,2016,Blacktown,Index of Economic Resources,Rank within State or Territory - Percentile,2016
143,,10397,IER,RWSP,2016,Blacktown,Index of Economic Resources,Rank within State or Territory - Percentile,2016
144,3564.0,11656,IER,RWSR,2016,Glenbrook,Index of Economic Resources,Rank within State or Territory,2016
145,0.0,11656,IER,RWSR,2016,Glenbrook,Index of Economic Resources,Rank within State or Territory,2016
146,,11656,IER,RWSR,2016,Glenbrook,Index of Economic Resources,Rank within State or Territory,2016
147,2882.0,10407,IER,RWSR,2016,Blaxland (NSW),Index of Economic Resources,Rank within State or Territory,2016
148,0.0,10407,IER,RWSR,2016,Blaxland (NSW),Index of Economic Resources,Rank within State or Territory,2016
149,,10407,IER,RWSR,2016,Blaxland (NSW),Index of Economic Resources,Rank within State or Territory,2016
150,7451.0,10407,IER,URP,2016,Blaxland (NSW),Index of Economic Resources,Usual resident population,2016
151,0.0,10407,IER,URP,2016,Blaxland (NSW),Index of Economic Resources,Usual resident population,2016
152,,10407,IER,URP,2016,Blaxland (NSW),Index of Economic Resources,Usual resident population,2016
153,47176.0,10397,IER,URP,2016,Blacktown,Index of Economic Resources,Usual resident population,2016
154,0.0,10397,IER,URP,2016,Blacktown,Index of Economic Resources,Usual resident population,2016
155,,10397,IER,URP,2016,Blacktown,Index of Economic Resources,Usual resident population,2016
156,1026.0,11656,IER,MINS,2016,Glenbrook,Index of Economic Resources,Minimum score for SA1s in area,2016
157,0.0,11656,IER,MINS,2016,Glenbrook,Index of Economic Resources,Minimum score for SA1s in area,2016
158,,11656,IER,MINS,2016,Glenbrook,Index of Economic Resources,Minimum score for SA1s in area,2016
159,1164.0,10407,IER,MAXS,2016,Blaxland (NSW),Index of Economic Resources,Maximum score for SA1s in area,2016
160,0.0,10407,IER,MAXS,2016,Blaxland (NSW),Index of Economic Resources,Maximum score for SA1s in area,2016
161,,10407,IER,MAXS,2016,Blaxland (NSW),Index of Economic Resources,Maximum score for SA1s in area,2016
162,2423.0,10397,IER,RWAR,2016,Blacktown,Index of Economic Resources,Rank within Australia,2016
163,0.0,10397,IER,RWAR,2016,Blacktown,Index of Economic Resources,Rank within Australia,2016
164,,10397,IER,RWAR,2016,Blacktown,Index of Economic Resources,Rank within Australia,2016
165,10399.0,10407,IER,RWAR,2016,Blaxland (NSW),Index of Economic Resources,Rank within Australia,2016
166,0.0,10407,IER,RWAR,2016,Blaxland (NSW),Index of Economic Resources,Rank within Australia,2016
167,,10407,IER,RWAR,2016,Blaxland (NSW),Index of Economic Resources,Rank within Australia,2016
168,87.0,11656,IER,RWSP,2016,Glenbrook,Index of Economic Resources,Rank within State or Territory - Percentile,2016
169,0.0,11656,IER,RWSP,2016,Glenbrook,Index of Economic Resources,Rank within State or Territory - Percentile,2016
170,,11656,IER,RWSP,2016,Glenbrook,Index of Economic Resources,Rank within State or Territory - Percentile,2016
171,8.0,10407,IER,RWAD,2016,Blaxland (NSW),Index of Economic Resources,Rank within Australia - Decile,2016
172,0.0,10407,IER,RWAD,2016,Blaxland (NSW),Index of Economic Resources,Rank within Australia - Decile,2016
173,,10407,IER,RWAD,2016,Blaxland (NSW),Index of Economic Resources,Rank within Australia - Decile,2016
174,2.0,10397,IER,RWAD,2016,Blacktown,Index of Economic Resources,Rank within Australia - Decile,2016
175,0.0,10397,IER,RWAD,2016,Blacktown,Index of Economic Resources,Rank within Australia - Decile,2016
176,,10397,IER,RWAD,2016,Blacktown,Index of Economic Resources,Rank within Australia - Decile,2016
177,1189.0,10397,IER,MAXS,2016,Blacktown,Index of Economic Resources,Maximum score for SA1s in area,2016
178,0.0,10397,IER,MAXS,2016,Blacktown,Index of Economic Resources,Maximum score for SA1s in area,2016
179,,10397,IER,MAXS,2016,Blacktown,Index of Economic Resources,Maximum score for SA1s in area,2016
180,9.0,10407,IRSD,RWSD,2016,Blaxland (NSW),Index of Relative Socio-economic Disadvantage,Rank within State or Territory - Decile,2016
181,0.0,10407,IRSD,RWSD,2016,Blaxland (NSW),Index of Relative Socio-economic Disadvantage,Rank within State or Territory - Decile,2016
182,,10407,IRSD,RWSD,2016,Blaxland (NSW),Index of Relative Socio-economic Disadvantage,Rank within State or Territory - Decile,2016
183,9.0,10407,IRSD,RWAD,2016,Blaxland (NSW),Index of Relative Socio-economic Disadvantage,Rank within Australia - Decile,2016
184,0.0,10407,IRSD,RWAD,2016,Blaxland (NSW),Index of Relative Socio-economic Disadvantage,Rank within Australia - Decile,2016
185,,10407,IRSD,RWAD,2016,Blaxland (NSW),Index of Relative Socio-economic Disadvantage,Rank within Australia - Decile,2016
186,1097.0,10397,IRSD,MAXS,2016,Blacktown,Index of Relative Socio-economic Disadvantage,Maximum score for SA1s in area,2016
187,0.0,10397,IRSD,MAXS,2016,Blacktown,Index of Relative Socio-economic Disadvantage,Maximum score for SA1s in area,2016
188,,10397,IRSD,MAXS,2016,Blacktown,Index of Relative Socio-economic Disadvantage,Maximum score for SA1s in area,2016
189,7451.0,10407,IRSD,URP,2016,Blaxland (NSW),Index of Relative Socio-economic Disadvantage,Usual resident population,2016
190,0.0,10407,IRSD,URP,2016,Blaxland (NSW),Index of Relative Socio-economic Disadvantage,Usual resident population,2016
191,,10407,IRSD,URP,2016,Blaxland (NSW),Index of Relative Socio-economic Disadvantage,Usual resident population,2016
192,1047.0,11656,IRSD,MINS,2016,Glenbrook,Index of Relative Socio-economic Disadvantage,Minimum score for SA1s in area,2016
193,0.0,11656,IRSD,MINS,2016,Glenbrook,Index of Relative Socio-economic Disadvantage,Minimum score for SA1s in area,2016
194,,11656,IRSD,MINS,2016,Glenbrook,Index of Relative Socio-economic Disadvantage,Minimum score for SA1s in area,2016
195,3367.0,10407,IRSD,RWSR,2016,Blaxland (NSW),Index of Relative Socio-economic Disadvantage,Rank within State or Territory,2016
196,0.0,10407,IRSD,RWSR,2016,Blaxland (NSW),Index of Relative Socio-economic Disadvantage,Rank within State or Territory,2016
197,,10407,IRSD,RWSR,2016,Blaxland (NSW),Index of Relative Socio-economic Disadvantage,Rank within State or Territory,2016
198,1125.0,10407,IRSD,MAXS,2016,Blaxland (NSW),Index of Relative Socio-economic Disadvantage,Maximum score for SA1s in area,2016
199,0.0,10407,IRSD,MAXS,2016,Blaxland (NSW),Index of Relative Socio-economic Disadvantage,Maximum score for SA1s in area,2016
200,,10407,IRSD,MAXS,2016,Blaxland (NSW),Index of Relative Socio-economic Disadvantage,Maximum score for SA1s in area,2016
201,97.0,11656,IRSD,RWAP,2016,Glenbrook,Index of Relative Socio-economic Disadvantage,Rank within Australia - Percentile,2016
202,0.0,11656,IRSD,RWAP,2016,Glenbrook,Index of Relative Socio-economic Disadvantage,Rank within Australia - Percentile,2016
203,,11656,IRSD,RWAP,2016,Glenbrook,Index of Relative Socio-economic Disadvantage,Rank within Australia - Percentile,2016
204,1117.0,10397,IRSD,RWSR,2016,Blacktown,Index of Relative Socio-economic Disadvantage,Rank within State or Territory,2016
205,0.0,10397,IRSD,RWSR,2016,Blacktown,Index of Relative Socio-economic Disadvantage,Rank within State or Territory,2016
206,,10397,IRSD,RWSR,2016,Blacktown,Index of Relative Socio-economic Disadvantage,Rank within State or Territory,2016
207,3744.0,10397,IRSD,RWAR,2016,Blacktown,Index of Relative Socio-economic Disadvantage,Rank within Australia,2016
208,0.0,10397,IRSD,RWAR,2016,Blacktown,Index of Relative Socio-economic Disadvantage,Rank within Australia,2016
209,,10397,IRSD,RWAR,2016,Blacktown,Index of Relative Socio-economic Disadvantage,Rank within Australia,2016
210,10.0,11656,IRSD,RWAD,2016,Glenbrook,Index of Relative Socio-economic Disadvantage,Rank within Australia - Decile,2016
211,0.0,11656,IRSD,RWAD,2016,Glenbrook,Index of Relative Socio-economic Disadvantage,Rank within Australia - Decile,2016
212,,11656,IRSD,RWAD,2016,Glenbrook,Index of Relative Socio-economic Disadvantage,Rank within Australia - Decile,2016
213,13219.0,11656,IRSD,RWAR,2016,Glenbrook,Index of Relative Socio-economic Disadvantage,Rank within Australia,2016
214,0.0,11656,IRSD,RWAR,2016,Glenbrook,Index of Relative Socio-economic Disadvantage,Rank within Australia,2016
215,,11656,IRSD,RWAR,2016,Glenbrook,Index of Relative Socio-economic Disadvantage,Rank within Australia,2016
216,47176.0,10397,IRSD,URP,2016,Blacktown,Index of Relative Socio-economic Disadvantage,Usual resident population,2016
217,0.0,10397,IRSD,URP,2016,Blacktown,Index of Relative Socio-economic Disadvantage,Usual resident population,2016
218,,10397,IRSD,URP,2016,Blacktown,Index of Relative Socio-economic Disadvantage,Usual resident population,2016
219,3.0,10397,IRSD,RWSD,2016,Blacktown,Index of Relative Socio-economic Disadvantage,Rank within State or Territory - Decile,2016
220,0.0,10397,IRSD,RWSD,2016,Blacktown,Index of Relative Socio-economic Disadvantage,Rank within State or Territory - Decile,2016
221,,10397,IRSD,RWSD,2016,Blacktown,Index of Relative Socio-economic Disadvantage,Rank within State or Territory - Decile,2016
222,3.0,10397,IRSD,RWAD,2016,Blacktown,Index of Relative Socio-economic Disadvantage,Rank within Australia - Decile,2016
223,0.0,10397,IRSD,RWAD,2016,Blacktown,Index of Relative Socio-economic Disadvantage,Rank within Australia - Decile,2016
224,,10397,IRSD,RWAD,2016,Blacktown,Index of Relative Socio-economic Disadvantage,Rank within Australia - Decile,2016
225,10.0,11656,IRSD,RWSD,2016,Glenbrook,Index of Relative Socio-economic Disadvantage,Rank within State or Territory - Decile,2016
226,0.0,11656,IRSD,RWSD,2016,Glenbrook,Index of Relative Socio-economic Disadvantage,Rank within State or Territory - Decile,2016
227,,11656,IRSD,RWSD,2016,Glenbrook,Index of Relative Socio-economic Disadvantage,Rank within State or Territory - Decile,2016
228,1149.0,11656,IRSD,MAXS,2016,Glenbrook,Index of Relative Socio-economic Disadvantage,Maximum score for SA1s in area,2016
229,0.0,11656,IRSD,MAXS,2016,Glenbrook,Index of Relative Socio-economic Disadvantage,Maximum score for SA1s in area,2016
230,,11656,IRSD,MAXS,2016,Glenbrook,Index of Relative Socio-economic Disadvantage,Maximum score for SA1s in area,2016
231,11644.0,10407,IRSD,RWAR,2016,Blaxland (NSW),Index of Relative Socio-economic Disadvantage,Rank within Australia,2016
232,0.0,10407,IRSD,RWAR,2016,Blaxland (NSW),Index of Relative Socio-economic Disadvantage,Rank within Australia,2016
233,,10407,IRSD,RWAR,2016,Blaxland (NSW),Index of Relative Socio-economic Disadvantage,Rank within Australia,2016
234,95.0,11656,IRSD,RWSP,2016,Glenbrook,Index of Relative Socio-economic Disadvantage,Rank within State or Territory - Percentile,2016
235,0.0,11656,IRSD,RWSP,2016,Glenbrook,Index of Relative Socio-economic Disadvantage,Rank within State or Territory - Percentile,2016
236,,11656,IRSD,RWSP,2016,Glenbrook,Index of Relative Socio-economic Disadvantage,Rank within State or Territory - Percentile,2016
237,28.0,10397,IRSD,RWSP,2016,Blacktown,Index of Relative Socio-economic Disadvantage,Rank within State or Territory - Percentile,2016
238,0.0,10397,IRSD,RWSP,2016,Blacktown,Index of Relative Socio-economic Disadvantage,Rank within State or Territory - Percentile,2016
239,,10397,IRSD,RWSP,2016,Blacktown,Index of Relative Socio-economic Disadvantage,Rank within State or Territory - Percentile,2016
240,1102.0,11656,IRSD,SCORE,2016,Glenbrook,Index of Relative Socio-economic Disadvantage,Score,2016
241,0.0,11656,IRSD,SCORE,2016,Glenbrook,Index of Relative Socio-economic Disadvantage,Score,2016
242,,11656,IRSD,SCORE,2016,Glenbrook,Index of Relative Socio-economic Disadvantage,Score,2016
243,82.0,10407,IRSD,RWSP,2016,Blaxland (NSW),Index of Relative Socio-economic Disadvantage,Rank within State or Territory - Percentile,2016
244,0.0,10407,IRSD,RWSP,2016,Blaxland (NSW),Index of Relative Socio-economic Disadvantage,Rank within State or Territory - Percentile,2016
245,,10407,IRSD,RWSP,2016,Blaxland (NSW),Index of Relative Socio-economic Disadvantage,Rank within State or Territory - Percentile,2016
246,970.0,10407,IRSD,MINS,2016,Blaxland (NSW),Index of Relative Socio-economic Disadvantage,Minimum score for SA1s in area,2016
247,0.0,10407,IRSD,MINS,2016,Blaxland (NSW),Index of Relative Socio-economic Disadvantage,Minimum score for SA1s in area,2016
248,,10407,IRSD,MINS,2016,Blaxland (NSW),Index of Relative Socio-economic Disadvantage,Minimum score for SA1s in area,2016
249,3890.0,11656,IRSD,RWSR,2016,Glenbrook,Index of Relative Socio-economic Disadvantage,Rank within State or Territory,2016
250,0.0,11656,IRSD,RWSR,2016,Glenbrook,Index of Relative Socio-economic Disadvantage,Rank within State or Territory,2016
251,,11656,IRSD,RWSR,2016,Glenbrook,Index of Relative Socio-economic Disadvantage,Rank within State or Territory,2016
252,558.0,10397,IRSD,MINS,2016,Blacktown,Index of Relative Socio-economic Disadvantage,Minimum score for SA1s in area,2016
253,0.0,10397,IRSD,MINS,2016,Blacktown,Index of Relative Socio-economic Disadvantage,Minimum score for SA1s in area,2016
254,,10397,IRSD,MINS,2016,Blacktown,Index of Relative Socio-economic Disadvantage,Minimum score for SA1s in area,2016
255,967.0,10397,IRSD,SCORE,2016,Blacktown,Index of Relative Socio-economic Disadvantage,Score,2016
256,0.0,10397,IRSD,SCORE,2016,Blacktown,Index of Relative Socio-economic Disadvantage,Score,2016
257,,10397,IRSD,SCORE,2016,Blacktown,Index of Relative Socio-economic Disadvantage,Score,2016
258,1067.0,10407,IRSD,SCORE,2016,Blaxland (NSW),Index of Relative Socio-economic Disadvantage,Score,2016
259,0.0,10407,IRSD,SCORE,2016,Blaxland (NSW),Index of Relative Socio-economic Disadvantage,Score,2016
260,,10407,IRSD,SCORE,2016,Blaxland (NSW),Index of Relative Socio-economic Disadvantage,Score,2016
261,86.0,10407,IRSD,RWAP,2016,Blaxland (NSW),Index of Relative Socio-economic Disadvantage,Rank within Australia - Percentile,2016
262,0.0,10407,IRSD,RWAP,2016,Blaxland (NSW),Index of Relative Socio-economic Disadvantage,Rank within Australia - Percentile,2016
263,,10407,IRSD,RWAP,2016,Blaxland (NSW),Index of Relative Socio-economic Disadvantage,Rank within Australia - Percentile,2016
264,28.0,10397,IRSD,RWAP,2016,Blacktown,Index of Relative Socio-economic Disadvantage,Rank within Australia - Percentile,2016
265,0.0,10397,IRSD,RWAP,2016,Blacktown,Index of Relative Socio-economic Disadvantage,Rank within Australia - Percentile,2016
266,,10397,IRSD,RWAP,2016,Blacktown,Index of Relative Socio-economic Disadvantage,Rank within Australia - Percentile,2016
267,5051.0,11656,IRSD,URP,2016,Glenbrook,Index of Relative Socio-economic Disadvantage,Usual resident population,2016
268,0.0,11656,IRSD,URP,2016,Glenbrook,Index of Relative Socio-economic Disadvantage,Usual resident population,2016
269,,11656,IRSD,URP,2016,Glenbrook,Index of Relative Socio-economic Disadvantage,Usual resident population,2016
270,965.0,10407,IRSAD,MINS,2016,Blaxland (NSW),Index of Relative Socio-economic Advantage and Disadvantage,Minimum score for SA1s in area,2016
271,0.0,10407,IRSAD,MINS,2016,Blaxland (NSW),Index of Relative Socio-economic Advantage and Disadvantage,Minimum score for SA1s in area,2016
272,,10407,IRSAD,MINS,2016,Blaxland (NSW),Index of Relative Socio-economic Advantage and Disadvantage,Minimum score for SA1s in area,2016
273,10.0,11656,IRSAD,RWSD,2016,Glenbrook,Index of Relative Socio-economic Advantage and Disadvantage,Rank within State or Territory - Decile,2016
274,0.0,11656,IRSAD,RWSD,2016,Glenbrook,Index of Relative Socio-economic Advantage and Disadvantage,Rank within State or Territory - Decile,2016
275,,11656,IRSAD,RWSD,2016,Glenbrook,Index of Relative Socio-economic Advantage and Disadvantage,Rank within State or Territory - Decile,2016
276,34.0,10397,IRSAD,RWSP,2016,Blacktown,Index of Relative Socio-economic Advantage and Disadvantage,Rank within State or Territory - Percentile,2016
277,0.0,10397,IRSAD,RWSP,2016,Blacktown,Index of Relative Socio-economic Advantage and Disadvantage,Rank within State or Territory - Percentile,2016
278,,10397,IRSAD,RWSP,2016,Blacktown,Index of Relative Socio-economic Advantage and Disadvantage,Rank within State or Territory - Percentile,2016
279,967.0,10397,IRSAD,SCORE,2016,Blacktown,Index of Relative Socio-economic Advantage and Disadvantage,Score,2016
280,0.0,10397,IRSAD,SCORE,2016,Blacktown,Index of Relative Socio-economic Advantage and Disadvantage,Score,2016
281,,10397,IRSAD,SCORE,2016,Blacktown,Index of Relative Socio-economic Advantage and Disadvantage,Score,2016
282,1066.0,10407,IRSAD,SCORE,2016,Blaxland (NSW),Index of Relative Socio-economic Advantage and Disadvantage,Score,2016
283,0.0,10407,IRSAD,SCORE,2016,Blaxland (NSW),Index of Relative Socio-economic Advantage and Disadvantage,Score,2016
284,,10407,IRSAD,SCORE,2016,Blaxland (NSW),Index of Relative Socio-economic Advantage and Disadvantage,Score,2016
285,36.0,10397,IRSAD,RWAP,2016,Blacktown,Index of Relative Socio-economic Advantage and Disadvantage,Rank within Australia - Percentile,2016
286,0.0,10397,IRSAD,RWAP,2016,Blacktown,Index of Relative Socio-economic Advantage and Disadvantage,Rank within Australia - Percentile,2016
287,,10397,IRSAD,RWAP,2016,Blacktown,Index of Relative Socio-economic Advantage and Disadvantage,Rank within Australia - Percentile,2016
288,1152.0,11656,IRSAD,MAXS,2016,Glenbrook,Index of Relative Socio-economic Advantage and Disadvantage,Maximum score for SA1s in area,2016
289,0.0,11656,IRSAD,MAXS,2016,Glenbrook,Index of Relative Socio-economic Advantage and Disadvantage,Maximum score for SA1s in area,2016
290,,11656,IRSAD,MAXS,2016,Glenbrook,Index of Relative Socio-economic Advantage and Disadvantage,Maximum score for SA1s in area,2016
291,640.0,10397,IRSAD,MINS,2016,Blacktown,Index of Relative Socio-economic Advantage and Disadvantage,Minimum score for SA1s in area,2016
292,0.0,10397,IRSAD,MINS,2016,Blacktown,Index of Relative Socio-economic Advantage and Disadvantage,Minimum score for SA1s in area,2016
293,,10397,IRSAD,MINS,2016,Blacktown,Index of Relative Socio-economic Advantage and Disadvantage,Minimum score for SA1s in area,2016
294,1365.0,10397,IRSAD,RWSR,2016,Blacktown,Index of Relative Socio-economic Advantage and Disadvantage,Rank within State or Territory,2016
295,0.0,10397,IRSAD,RWSR,2016,Blacktown,Index of Relative Socio-economic Advantage and Disadvantage,Rank within State or Territory,2016
296,,10397,IRSAD,RWSR,2016,Blacktown,Index of Relative Socio-economic Advantage and Disadvantage,Rank within State or Territory,2016
297,10.0,11656,IRSAD,RWAD,2016,Glenbrook,Index of Relative Socio-economic Advantage and Disadvantage,Rank within Australia - Decile,2016
298,0.0,11656,IRSAD,RWAD,2016,Glenbrook,Index of Relative Socio-economic Advantage and Disadvantage,Rank within Australia - Decile,2016
299,,11656,IRSAD,RWAD,2016,Glenbrook,Index of Relative Socio-economic Advantage and Disadvantage,Rank within Australia - Decile,2016
300,5051.0,11656,IRSAD,URP,2016,Glenbrook,Index of Relative Socio-economic Advantage and Disadvantage,Usual resident population,2016
301,0.0,11656,IRSAD,URP,2016,Glenbrook,Index of Relative Socio-economic Advantage and Disadvantage,Usual resident population,2016
302,,11656,IRSAD,URP,2016,Glenbrook,Index of Relative Socio-economic Advantage and Disadvantage,Usual resident population,2016
303,1112.0,11656,IRSAD,SCORE,2016,Glenbrook,Index of Relative Socio-economic Advantage and Disadvantage,Score,2016
304,0.0,11656,IRSAD,SCORE,2016,Glenbrook,Index of Relative Socio-economic Advantage and Disadvantage,Score,2016
305,,11656,IRSAD,SCORE,2016,Glenbrook,Index of Relative Socio-economic Advantage and Disadvantage,Score,2016
306,4.0,10397,IRSAD,RWAD,2016,Blacktown,Index of Relative Socio-economic Advantage and Disadvantage,Rank within Australia - Decile,2016
307,0.0,10397,IRSAD,RWAD,2016,Blacktown,Index of Relative Socio-economic Advantage and Disadvantage,Rank within Australia - Decile,2016
308,,10397,IRSAD,RWAD,2016,Blacktown,Index of Relative Socio-economic Advantage and Disadvantage,Rank within Australia - Decile,2016
309,13184.0,11656,IRSAD,RWAR,2016,Glenbrook,Index of Relative Socio-economic Advantage and Disadvantage,Rank within Australia,2016
310,0.0,11656,IRSAD,RWAR,2016,Glenbrook,Index of Relative Socio-economic Advantage and Disadvantage,Rank within Australia,2016
311,,11656,IRSAD,RWAR,2016,Glenbrook,Index of Relative Socio-economic Advantage and Disadvantage,Rank within Australia,2016
312,1041.0,11656,IRSAD,MINS,2016,Glenbrook,Index of Relative Socio-economic Advantage and Disadvantage,Minimum score for SA1s in area,2016
313,0.0,11656,IRSAD,MINS,2016,Glenbrook,Index of Relative Socio-economic Advantage and Disadvantage,Minimum score for SA1s in area,2016
314,,11656,IRSAD,MINS,2016,Glenbrook,Index of Relative Socio-economic Advantage and Disadvantage,Minimum score for SA1s in area,2016
315,9.0,10407,IRSAD,RWAD,2016,Blaxland (NSW),Index of Relative Socio-economic Advantage and Disadvantage,Rank within Australia - Decile,2016
316,0.0,10407,IRSAD,RWAD,2016,Blaxland (NSW),Index of Relative Socio-economic Advantage and Disadvantage,Rank within Australia - Decile,2016
317,,10407,IRSAD,RWAD,2016,Blaxland (NSW),Index of Relative Socio-economic Advantage and Disadvantage,Rank within Australia - Decile,2016
318,88.0,10407,IRSAD,RWAP,2016,Blaxland (NSW),Index of Relative Socio-economic Advantage and Disadvantage,Rank within Australia - Percentile,2016
319,0.0,10407,IRSAD,RWAP,2016,Blaxland (NSW),Index of Relative Socio-economic Advantage and Disadvantage,Rank within Australia - Percentile,2016
320,,10407,IRSAD,RWAP,2016,Blaxland (NSW),Index of Relative Socio-economic Advantage and Disadvantage,Rank within Australia - Percentile,2016
321,9.0,10407,IRSAD,RWSD,2016,Blaxland (NSW),Index of Relative Socio-economic Advantage and Disadvantage,Rank within State or Territory - Decile,2016
322,0.0,10407,IRSAD,RWSD,2016,Blaxland (NSW),Index of Relative Socio-economic Advantage and Disadvantage,Rank within State or Territory - Decile,2016
323,,10407,IRSAD,RWSD,2016,Blaxland (NSW),Index of Relative Socio-economic Advantage and Disadvantage,Rank within State or Territory - Decile,2016
324,47176.0,10397,IRSAD,URP,2016,Blacktown,Index of Relative Socio-economic Advantage and Disadvantage,Usual resident population,2016
325,0.0,10397,IRSAD,URP,2016,Blacktown,Index of Relative Socio-economic Advantage and Disadvantage,Usual resident population,2016
326,,10397,IRSAD,URP,2016,Blacktown,Index of Relative Socio-economic Advantage and Disadvantage,Usual resident population,2016
327,3418.0,10407,IRSAD,RWSR,2016,Blaxland (NSW),Index of Relative Socio-economic Advantage and Disadvantage,Rank within State or Territory,2016
328,0.0,10407,IRSAD,RWSR,2016,Blaxland (NSW),Index of Relative Socio-economic Advantage and Disadvantage,Rank within State or Territory,2016
329,,10407,IRSAD,RWSR,2016,Blaxland (NSW),Index of Relative Socio-economic Advantage and Disadvantage,Rank within State or Territory,2016
330,4.0,10397,IRSAD,RWSD,2016,Blacktown,Index of Relative Socio-economic Advantage and Disadvantage,Rank within State or Territory - Decile,2016
331,0.0,10397,IRSAD,RWSD,2016,Blacktown,Index of Relative Socio-economic Advantage and Disadvantage,Rank within State or Territory - Decile,2016
332,,10397,IRSAD,RWSD,2016,Blacktown,Index of Relative Socio-economic Advantage and Disadvantage,Rank within State or Territory - Decile,2016
333,4863.0,10397,IRSAD,RWAR,2016,Blacktown,Index of Relative Socio-economic Advantage and Disadvantage,Rank within Australia,2016
334,0.0,10397,IRSAD,RWAR,2016,Blacktown,Index of Relative Socio-economic Advantage and Disadvantage,Rank within Australia,2016
335,,10397,IRSAD,RWAR,2016,Blacktown,Index of Relative Socio-economic Advantage and Disadvantage,Rank within Australia,2016
336,94.0,11656,IRSAD,RWSP,2016,Glenbrook,Index of Relative Socio-economic Advantage and Disadvantage,Rank within State or Territory - Percentile,2016
337,0.0,11656,IRSAD,RWSP,2016,Glenbrook,Index of Relative Socio-economic Advantage and Disadvantage,Rank within State or Territory - Percentile,2016
338,,11656,IRSAD,RWSP,2016,Glenbrook,Index of Relative Socio-economic Advantage and Disadvantage,Rank within State or Territory - Percentile,2016
339,1135.0,10407,IRSAD,MAXS,2016,Blaxland (NSW),Index of Relative Socio-economic Advantage and Disadvantage,Maximum score for SA1s in area,2016
340,0.0,10407,IRSAD,MAXS,2016,Blaxland (NSW),Index of Relative Socio-economic Advantage and Disadvantage,Maximum score for SA1s in area,2016
341,,10407,IRSAD,MAXS,2016,Blaxland (NSW),Index of Relative Socio-economic Advantage and Disadvantage,Maximum score for SA1s in area,2016
342,7451.0,10407,IRSAD,URP,2016,Blaxland (NSW),Index of Relative Socio-economic Advantage and Disadvantage,Usual resident population,2016
343,0.0,10407,IRSAD,URP,2016,Blaxland (NSW),Index of Relative Socio-economic Advantage and Disadvantage,Usual resident population,2016
344,,10407,IRSAD,URP,2016,Blaxland (NSW),Index of Relative Socio-economic Advantage and Disadvantage,Usual resident population,2016
345,97.0,11656,IRSAD,RWAP,2016,Glenbrook,Index of Relative Socio-economic Advantage and Disadvantage,Rank within Australia - Percentile,2016
346,0.0,11656,IRSAD,RWAP,2016,Glenbrook,Index of Relative Socio-economic Advantage and Disadvantage,Rank within Australia - Percentile,2016
347,,11656,IRSAD,RWAP,2016,Glenbrook,Index of Relative Socio-economic Advantage and Disadvantage,Rank within Australia - Percentile,2016
348,11948.0,10407,IRSAD,RWAR,2016,Blaxland (NSW),Index of Relative Socio-economic Advantage and Disadvantage,Rank within Australia,2016
349,0.0,10407,IRSAD,RWAR,2016,Blaxland (NSW),Index of Relative Socio-economic Advantage and Disadvantage,Rank within Australia,2016
350,,10407,IRSAD,RWAR,2016,Blaxland (NSW),Index of Relative Socio-economic Advantage and Disadvantage,Rank within Australia,2016
351,1169.0,10397,IRSAD,MAXS,2016,Blacktown,Index of Relative Socio-economic Advantage and Disadvantage,Maximum score for SA1s in area,2016
352,0.0,10397,IRSAD,MAXS,2016,Blacktown,Index of Relative Socio-economic Advantage and Disadvantage,Maximum score for SA1s in area,2016
353,,10397,IRSAD,MAXS,2016,Blacktown,Index of Relative Socio-economic Advantage and Disadvantage,Maximum score for SA1s in area,2016
354,3852.0,11656,IRSAD,RWSR,2016,Glenbrook,Index of Relative Socio-economic Advantage and Disadvantage,Rank within State or Territory,2016
355,0.0,11656,IRSAD,RWSR,2016,Glenbrook,Index of Relative Socio-economic Advantage and Disadvantage,Rank within State or Territory,2016
356,,11656,IRSAD,RWSR,2016,Glenbrook,Index of Relative Socio-economic Advantage and Disadvantage,Rank within State or Territory,2016
357,84.0,10407,IRSAD,RWSP,2016,Blaxland (NSW),Index of Relative Socio-economic Advantage and Disadvantage,Rank within State or Territory - Percentile,2016
358,0.0,10407,IRSAD,RWSP,2016,Blaxland (NSW),Index of Relative Socio-economic Advantage and Disadvantage,Rank within State or Territory - Percentile,2016
359,,10407,IRSAD,RWSP,2016,Blaxland (NSW),Index of Relative Socio-economic Advantage and Disadvantage,Rank within State or Territory - Percentile,2016
